Company,Date,Open,High,Low,Close,Volume,Dividend,Split,Adj_Open,Adj_High,Adj_Low,Adj_Close,Adj_Volume
GoldmanSachs,2017-12-31,255.87,256.6499,252.91,254.76,2519253,0,1,255.87,256.6499,252.91,254.76,2519253
GoldmanSachs,2017-11-30,244.07,250.79,244,247.64,6362854,0,1,244.07,250.79,244,247.64,6362854
GoldmanSachs,2017-10-31,240.68,244.18,240.63,242.48,2658731,0,1,239.9344298,243.4235876,239.8845847,241.7288538,2658731
GoldmanSachs,2017-09-30,235.01,237.6,234.57,237.19,1902308,0,1,234.2819941,236.8639709,233.8433572,236.455241,1902308
GoldmanSachs,2017-08-31,223.25,224.49,222.58,223.74,2240611,0,1,222.5584239,223.7945826,221.8904994,223.046906,2240611
GoldmanSachs,2017-07-31,223.95,225.5,223.05,225.33,1999637,0,1,222.4976029,224.0375506,221.6034398,223.8686531,1999637
GoldmanSachs,2017-06-30,225.31,226.05,221.54,221.9,3153524,0,1,223.8487828,224.5839837,220.1032327,220.4608979,3153524
GoldmanSachs,2017-05-31,218.24,218.3,209.62,211.26,8311998,0,1,216.8246344,216.8842452,208.2605382,209.8899022,8311998
GoldmanSachs,2017-04-30,225.31,226.77,223.72,223.8,2936589,0,1,223.082772,224.5283397,221.5084895,221.5876986,2936589
GoldmanSachs,2017-03-31,230.53,230.8,228.73,229.72,2858414,0,1,228.2511714,228.5185024,226.4689647,227.4491784,2858414
GoldmanSachs,2017-02-28,248,249,245.61,248.06,3626634,0.65,1,245.5484775,246.5385923,243.1821031,245.6078844,3626634
GoldmanSachs,2017-01-31,232.85,234.35,228.16,229.32,5151196,0,1,229.9457033,231.4269941,225.3142009,226.4597324,5151196
GoldmanSachs,2016-12-31,238.51,240.5,237.4,239.45,2355444,0,1,235.5351072,237.5002863,234.438952,236.4633827,2355444
GoldmanSachs,2016-11-30,215.2,220.77,214.97,219.29,6505900,0,1,212.5158487,218.016375,212.2887174,216.5548348,6505900
GoldmanSachs,2016-10-31,177.68,178.5,177.23,178.24,1828018,0,1,174.9268634,175.7341575,174.4838361,175.4781862,1828018
GoldmanSachs,2016-09-30,159.95,162.41,157.8,161.27,4497177,0,1,157.4715882,159.8934707,155.3549023,158.7711349,4497177
GoldmanSachs,2016-08-31,169.25,170.24,167.47,169.46,3688209,0,1,166.6274855,167.6021455,164.8750665,166.8342316,3688209
GoldmanSachs,2016-07-31,159.51,160.19,158.65,158.81,2388134,0,1,156.4380357,157.1049397,155.5945982,155.7515168,2388134
GoldmanSachs,2016-06-30,146.67,148.88,145.37,148.58,4528624,0,1,143.8453181,146.0127562,142.5703545,145.7185339,4528624
GoldmanSachs,2016-05-31,160.4,161.65,158.55,159.48,2915646,0,1,157.3108954,158.5368219,155.4965241,156.4086134,2915646
GoldmanSachs,2016-04-30,163.8,164.68,162.56,164.11,2890849,0,1,159.993527,160.853077,158.7823428,160.296323,2890849
GoldmanSachs,2016-03-31,156.18,157.48,156.06,156.98,2927046,0,1,152.5506046,153.8203945,152.4333933,153.3320138,2927046
GoldmanSachs,2016-02-29,149.75,150.29,148.32,149.53,5505698,0.65,1,146.2700285,146.7974797,144.8732596,146.0551409,5505698
GoldmanSachs,2016-01-31,158.64,161.59,157.78,161.56,4887864,0,1,154.2827777,157.1517527,153.4463986,157.1225767,4887864
GoldmanSachs,2015-12-31,181.16,182.885,180.03,180.23,1773531,0,1,176.1842411,177.8618621,175.0852778,175.2797846,1773531
GoldmanSachs,2015-11-30,190.5,191.08,189.24,190.02,3415027,0.65,1,185.2677078,185.8317774,184.042315,184.8008915,3415027
GoldmanSachs,2015-10-31,189.76,190.09,187.24,187.5,2791644,0,1,183.9189026,184.2387447,181.476472,181.7284688,2791644
GoldmanSachs,2015-09-30,174.58,175.08,172.16,173.76,2913543,0,1,169.2061658,169.6907751,166.860657,168.4114066,2913543
GoldmanSachs,2015-08-31,187.75,190.25,187.18,188.6,2857064,0,1,181.9707735,184.3938197,181.4183189,182.7946092,2857064
GoldmanSachs,2015-07-31,207.4,207.47,204.9,205.07,1644029,0,1,200.3223907,200.390002,197.9077043,198.0719029,1644029
GoldmanSachs,2015-06-30,209.89,210.79,208.15,208.79,4167331,0,1,202.7274185,203.5967056,201.0467967,201.6649564,4167331
GoldmanSachs,2015-05-31,208.23,208.27,205.62,206.19,2255524,0,1,201.1240667,201.1627016,198.603134,199.1536825,2255524
GoldmanSachs,2015-04-30,198.4,199.75,195.4,196.42,2732757,0,1,191.0339129,192.3337908,188.1452953,189.1274253,2732757
GoldmanSachs,2015-03-31,190.34,190.55,187.97,187.97,2145466,0,1,183.2731602,183.4753634,180.9911523,180.9911523,2145466
GoldmanSachs,2015-02-28,191.19,192.5,189.79,189.79,2572381,0,1,184.0916018,185.3529649,182.7435803,182.7435803,2572381
GoldmanSachs,2015-01-31,174.13,175.69,172.32,172.41,3036872,0,1,167.1432172,168.6406238,165.4058415,165.4922304,3036872
GoldmanSachs,2014-12-31,196.65,196.83,193.77,193.83,1566780,0,1,188.7596259,188.9324036,185.9951829,186.0527755,1566780
GoldmanSachs,2014-11-30,188.4,189.49,188.115,188.41,1195167,0.6,1,180.8406485,181.8869134,180.5670838,180.8502472,1195167
GoldmanSachs,2014-10-31,189.24,190,188.12,189.99,3357146,0,1,181.0703179,181.7975079,179.9986694,181.7879396,3357146
GoldmanSachs,2014-09-30,184.41,184.99,182.68,183.57,2037647,0,1,176.4488339,177.0037947,174.7935197,175.6450975,2037647
GoldmanSachs,2014-08-31,178.32,179.5,177.852,179.11,2560600,0,1,170.6217453,171.7508036,170.1739494,171.3776402,2560600
GoldmanSachs,2014-07-31,174.44,175.27,172.79,172.87,3797600,0,1,166.394559,167.1862781,164.8206595,164.8969698,3797600
GoldmanSachs,2014-06-30,166.87,167.91,166.37,167.44,1885200,0,1,159.173699,160.1657326,158.6967598,159.7174098,1885200
GoldmanSachs,2014-05-31,160.42,160.64,159.16,159.81,2206300,0,1,153.0211829,153.2310362,151.8192961,152.4393171,2206300
GoldmanSachs,2014-04-30,158.38,160.36,158.19,159.82,2745700,0,1,150.5615365,152.4437934,150.3809159,151.9304506,2745700
GoldmanSachs,2014-03-31,163.22,164.14,162.22,163.85,2494300,0,1,155.1626088,156.0371928,154.2119741,155.7615087,2494300
GoldmanSachs,2014-02-28,164.81,167.82,164.57,166.45,4291500,0,1,156.6741181,159.5355288,156.4459658,158.2331592,4291500
GoldmanSachs,2014-01-31,163.8,165.979,163.3,164.12,3415500,0,1,155.1896875,157.2541462,154.7159705,155.4928664,3415500
GoldmanSachs,2013-12-31,176.22,177.44,176.22,177.26,1663900,0,1,166.9568177,168.1126871,166.9568177,167.942149,1663900
GoldmanSachs,2013-11-30,167.89,170.38,167.69,168.94,2018700,0,1,159.0646925,161.4238032,158.8752057,160.0594982,2018700
GoldmanSachs,2013-10-31,162.09,163.35,160.86,160.86,2785000,0,1,153.0691117,154.2589881,151.9075656,151.9075656,2785000
GoldmanSachs,2013-09-30,157.72,159.14,156.57,158.21,2803600,0,1,148.9423178,150.2832897,147.8563194,149.4050475,2803600
GoldmanSachs,2013-08-31,153.77,153.9825,151.33,152.13,2234000,0,1,145.2121494,145.412823,142.9079441,143.6634213,2234000
GoldmanSachs,2013-07-31,162.53,165.97,162.43,164.03,3700300,0,1,152.9845764,156.2225445,152.8904495,154.3964811,3700300
GoldmanSachs,2013-06-30,152.69,152.77,151,151.25,3011300,0,1,143.7224819,143.7977834,142.1317359,142.3670534,3011300
GoldmanSachs,2013-05-31,163.95,165.828,162.07,162.08,4404800,0,1,154.3211795,156.0888842,152.5515923,152.561005,4404800
GoldmanSachs,2013-04-30,145.19,146.5399,144.56,146.07,2586300,0,1,136.239066,137.5057449,135.6479054,137.0648142,2586300
GoldmanSachs,2013-03-31,148.12,149.06,147.13,147.15,3701300,0,1,138.9884321,139.8704813,138.0594654,138.0782324,3701300
GoldmanSachs,2013-02-28,151.35,152.4,149.76,149.76,4956000,0,1,142.0193032,143.004571,140.5273264,140.5273264,4956000
GoldmanSachs,2013-01-31,146.26,148,146.26,147.86,3680900,0,1,136.7810027,138.4082347,136.7810027,138.277308,3680900
GoldmanSachs,2012-12-31,125.42,127.68,124.79,127.56,3623000,0,1,117.291627,119.4051581,116.7024568,119.2929352,3623000
GoldmanSachs,2012-11-30,117.96,119.44,117.69,117.79,4264300,0,1,110.3151038,111.6991862,110.0626023,110.1561214,4264300
GoldmanSachs,2012-10-31,119.73,122.6,119.66,122.39,3679700,0,1,111.5031863,114.1759846,111.4379961,113.980414,3679700
GoldmanSachs,2012-09-30,115.01,115.01,113.23,113.68,3653700,0,1,107.107504,107.107504,105.4498103,105.8688902,3653700
GoldmanSachs,2012-08-31,105.41,106.58,105.31,105.72,3264100,0,1,98.16713328,99.25674097,98.07400442,98.45583276,3264100
GoldmanSachs,2012-07-31,100.26,101.78,100,100.9,3664000,0,1,92.96384306,94.37322907,92.72276387,93.55726875,3664000
GoldmanSachs,2012-06-30,96.01,96.18,94.52,95.86,6245300,0,1,89.02312559,89.18075429,87.64155641,88.88404145,6245300
GoldmanSachs,2012-05-31,94.9,96.65,93.7,95.7,4833000,0,1,87.99390292,89.61655128,86.88122975,88.73568503,4833000
GoldmanSachs,2012-04-30,114.19,115.3,113.61,115.15,4240300,0,1,105.3847533,106.4091606,104.8494774,106.2707272,4240300
GoldmanSachs,2012-03-31,124.69,125.47,122.925,124.37,4651400,0,1,115.0750931,115.794947,113.4461931,114.7797685,4651400
GoldmanSachs,2012-02-29,116.51,118.13,115.14,115.14,6650700,0,1,107.5258569,109.0209379,106.2614983,106.2614983,6650700
GoldmanSachs,2012-01-31,110.6899,112.5,109.16,111.47,8028400,0,1,101.8501539,103.5156985,100.4424324,102.5679548,8028400
GoldmanSachs,2011-12-31,90.53,91.14,90.14,90.43,4182800,0,1,83.30023276,83.86151789,82.94137834,83.20821881,4182800
GoldmanSachs,2011-11-30,92.4,96.01,91.37,95.86,10871200,0,1,85.02089371,88.34259746,84.07314998,88.20457653,10871200
GoldmanSachs,2011-10-31,112.79,113.89,109.48,109.55,8071700,0,1,103.3751378,104.3833181,100.3414317,100.4055887,8071700
GoldmanSachs,2011-09-30,98.28,98.4,94.46,94.55,5780200,0,1,90.07632364,90.18630694,86.57518855,86.65767603,5780200
GoldmanSachs,2011-08-31,115.4,117.8,114.67,116.22,6488100,0,1,105.7672746,107.9669406,105.0982095,106.5188272,6488100
GoldmanSachs,2011-07-31,134.1,136.6,133.13,134.97,5340300,0,1,122.5339923,124.8183695,121.6476539,123.3289556,5340300
GoldmanSachs,2011-06-30,133.05,133.8,131.5,133.09,4980900,0,1,121.5745539,122.259867,120.15824,121.6111039,4980900
GoldmanSachs,2011-05-31,140.82,142.3,139.88,140.73,7023200,0,1,128.6743982,130.0267495,127.8154723,128.5921606,7023200
GoldmanSachs,2011-04-30,150.28,151.87,149.6418,151.01,6075500,0,1,136.9727404,138.4219462,136.3910528,137.638099,6075500
GoldmanSachs,2011-03-31,157.38,160.07,157.32,158.6,3317700,0,1,143.444037,145.8958381,143.38935,144.5560063,3317700
GoldmanSachs,2011-02-28,165.53,166.25,163.1101,163.78,4235200,0.35,1,150.8723563,151.5286005,148.6667379,149.2773184,4235200
GoldmanSachs,2011-01-31,161.38,163.72,161.23,163.62,3792800,0,1,146.7761753,148.9044207,146.6397493,148.8134701,3792800
GoldmanSachs,2010-12-31,167.58,168.8,167.01,168.16,1636300,0,1,152.4151162,153.5247143,151.8966975,152.94263,1636300
GoldmanSachs,2010-11-30,158.07,159.33,156.14,156.14,5416900,0.35,1,143.7657084,144.9116868,142.0103607,142.0103607,5416900
GoldmanSachs,2010-10-31,162.15,163.5992,160.95,161.13,4536600,0,1,147.1466547,148.4617637,146.0576877,146.2210328,4536600
GoldmanSachs,2010-09-30,145.25,146.98,144.3,144.58,6854400,0,1,131.8103706,133.3802979,130.9482718,131.2023641,6854400
GoldmanSachs,2010-08-31,136.25,138.01,135.79,136.93,7064100,0,1,123.6431187,125.2402702,123.2256814,124.2602,7064100
GoldmanSachs,2010-07-31,151.35,153.41,150.8,150.82,8792400,0,1,136.9950942,138.8597119,136.4972594,136.5153625,8792400
GoldmanSachs,2010-06-30,133.68,134.3,131.0218,131.27,9139800,0,1,121.0010188,121.5622144,118.5949378,118.8195971,9139800
GoldmanSachs,2010-05-31,144.42,145.8,143.1,144.26,10683700,0,1,130.7223753,131.9714882,129.5275717,130.5775506,10683700
GoldmanSachs,2010-04-30,151.9,152.5,143.3,145.2,73187900,0,1,137.1617348,137.7035191,129.3961593,131.1118097,73187900
GoldmanSachs,2010-03-31,170,171.66,169.85,170.63,8243200,0,1,153.5055623,155.004499,153.3701162,154.0744358,8243200
GoldmanSachs,2010-02-28,156.26,156.99,155.26,156.35,7812700,0.35,1,141.098701,141.7578719,140.1957271,141.1799686,7812700
GoldmanSachs,2010-01-31,154.44,154.88,147.81,148.72,18502800,0,1,139.1438057,139.5402268,133.1704605,133.9903314,18502800
GoldmanSachs,2009-12-31,167.29,170.13,166.9288,168.84,6401800,0,1,150.7211037,153.2798217,150.395678,152.1175871,6401800
GoldmanSachs,2009-11-30,165.47,169.99,164.77,169.66,10699200,0.35,1,149.0813619,153.1536877,148.4506919,152.8563719,10699200
GoldmanSachs,2009-10-31,177.22,177.62,169.68,170.17,13323700,0,1,159.338899,159.6985399,152.5596681,153.0002282,13323700
GoldmanSachs,2009-09-30,184.77,185.48,181.82,184.35,10517900,0,1,166.127121,166.7654835,163.4747693,165.749498,10517900
GoldmanSachs,2009-08-31,162.95,165.59,161.25,165.46,9106500,0,1,146.5087101,148.88234,144.9802363,148.7654567,9106500
GoldmanSachs,2009-07-31,162.37,163.87,161.3,163.3,7721200,0,1,145.6754065,147.0211791,144.715422,146.5097855,7721200
GoldmanSachs,2009-06-30,149.405,149.8,146.24,147.44,9614400,0,1,134.0434446,134.3978314,131.2038643,132.2804824,9614400
GoldmanSachs,2009-05-31,145.81,145.9,141.28,144.57,14130000,0,1,130.8180761,130.8988225,126.7538426,129.7055707,14130000
GoldmanSachs,2009-04-30,128.52,129.65,125.18,128.5,24834600,0,1,115.0123187,116.0235537,112.0233587,114.9944207,24834600
GoldmanSachs,2009-03-31,102.81,108.5,102.48,106.02,25927400,0,1,92.00448557,97.09645642,91.70916916,94.87710884,25927400
GoldmanSachs,2009-02-28,88.52,93.38,87.5,91.08,26041700,0,1,79.21639007,83.56559539,78.30359389,81.5073295,26041700
GoldmanSachs,2009-01-31,83.59,84.78,79.35,80.73,20344900,0,1,74.39412358,75.45320968,70.62057311,71.84875699,20344900
GoldmanSachs,2008-12-31,82.24,86.15,81.12,84.39,14894100,0,1,73.19263935,76.67249368,72.19585243,75.10611423,14894100
GoldmanSachs,2008-11-30,75.94,81.19,74.24,78.99,11525000,0,1,67.58571294,72.25815161,66.0727328,70.30017731,11525000
GoldmanSachs,2008-10-31,88.98,95,87.2,92.5,24881200,0,1,79.19116062,84.5488903,77.60698141,82.3239195,24881200
GoldmanSachs,2008-09-30,126.89,130,124.5,128,13129900,0,1,112.5677635,115.3267338,110.4475259,113.5524764,13129900
GoldmanSachs,2008-08-31,160.56,165,160.27,163.97,7586300,0,1,142.4373876,146.3762391,142.1801202,145.4624965,7586300
GoldmanSachs,2008-07-31,183.06,186.07,182.4,184.04,6062900,0,1,162.3977838,165.0680413,161.8122789,163.26717,6062900
GoldmanSachs,2008-06-30,175.2,178.26,173.29,174.9,9373300,0,1,155.1210655,157.8303718,153.4299626,154.8554472,9373300
GoldmanSachs,2008-05-31,177.8,178.86,175.85,176.41,5697400,0,1,157.4230904,158.3616083,155.6965717,156.1923925,5697400
GoldmanSachs,2008-04-30,193.38,194.93,189.82,191.37,10352600,0,1,171.2175322,172.5898933,168.0655288,169.4378899,10352600
GoldmanSachs,2008-03-31,163.5,168.49,162.85,165.39,8977400,0,1,144.4985444,148.9086223,143.9240854,146.1688946,8977400
GoldmanSachs,2008-02-29,174.11,175.54,169,169.63,11113300,0,1,153.8754836,155.1392935,149.3593518,149.9161351,11113300
GoldmanSachs,2008-01-31,196.99,203.21,195,199.55,14803500,0,1,174.096442,179.5935732,172.3377136,176.3589269,14803500
GoldmanSachs,2007-12-31,211.59,216.79,209.5,215.05,5834300,0,1,186.6582933,191.2455759,184.8145585,189.7106006,5834300
GoldmanSachs,2007-11-30,232.65,234.22,224.77,226.64,11878600,0,1,205.2367878,206.6217943,198.2852903,199.9349477,11878600
GoldmanSachs,2007-10-31,240.36,250.7,240,247.92,14384600,0,1,212.0383164,221.1599514,211.7207353,218.7075196,14384600
GoldmanSachs,2007-09-30,215.76,218.67,215.25,216.74,6156400,0,1,190.0434829,192.6066389,189.59427,190.9066764,6156400
GoldmanSachs,2007-08-31,175.65,178.1,173.87,176.01,11023700,0,1,154.7142092,156.8721928,153.1463681,155.0313007,11023700
GoldmanSachs,2007-07-31,198.55,198.99,187.25,188.34,14744900,0,1,174.8847494,175.2723057,164.9316008,165.8916832,14744900
GoldmanSachs,2007-06-30,219.55,220.44,213.69,216.75,7853800,0,1,193.0310591,193.813558,187.878875,190.5692647,7853800
GoldmanSachs,2007-05-31,232.21,233.97,230.09,230.82,4578100,0,1,204.1618867,205.7093004,202.2979567,202.9397816,4578100
GoldmanSachs,2007-04-30,224.36,224.98,218.48,218.61,5484500,0,1,197.2600702,197.8051818,192.0903019,192.2045995,5484500
GoldmanSachs,2007-03-31,207.36,209.03,204.7,206.63,5177000,0,1,182.0238778,183.4898301,179.6888878,181.3830723,5177000
GoldmanSachs,2007-02-28,200.4,203.85,197.79,201.75,15940000,0,1,175.91428,178.9427444,173.6231809,177.0993313,15940000
GoldmanSachs,2007-01-31,208.3,212.75,207.29,212.16,7235100,0,1,182.8490246,186.7553048,181.9624307,186.2373935,7235100
Boeing,2017-12-31,296.94,297.3,294.83,294.91,1824591,0,1,295.4076724,295.7658146,293.3085608,293.388148,1824591
Boeing,2017-11-30,269.91,277.04,269.43,276.8,4817062,0,1,268.5171579,275.6103642,268.0396348,275.3716027,4817062
Boeing,2017-10-31,259.34,259.93,257.47,257.98,2742775,0,1,256.6145973,257.198397,254.7642491,255.2688895,2742775
Boeing,2017-09-30,253.85,255.26,252.591,254.21,2530961,0,1,251.1822917,252.577474,249.9365225,251.5385084,2530961
Boeing,2017-08-31,241,241.1,238.41,239.66,3075798,0,1,238.4673323,238.5662814,235.9045506,237.1414143,3075798
Boeing,2017-07-31,241.85,246.49,241.82,242.46,5777271,0,1,237.8668439,242.4304253,237.837338,238.4667975,5777271
Boeing,2017-06-30,198.5,199.44,197.3901,197.75,2225564,0,1,195.2307981,196.1553167,194.1391776,194.4931502,2225564
Boeing,2017-05-31,187.37,188.26,186.72,187.63,5186677,0,1,184.284104,185.1594461,183.6448092,184.5398219,5186677
Boeing,2017-04-30,183.42,184.93,183.02,184.83,2181592,0,1,179.0114728,180.4851797,178.6210868,180.3875832,2181592
Boeing,2017-03-31,178.02,178.18,176.81,176.86,2032749,0,1,173.7412626,173.897417,172.5603451,172.6091434,2032749
Boeing,2017-02-28,180.34,181.93,179.67,180.23,4785045,0,1,176.005501,177.5572851,175.3516046,175.8981449,4785045
Boeing,2017-01-31,164.96,165.1,163.22,163.42,5350186,0,1,159.6115562,159.747017,157.9279716,158.1214871,5350186
Boeing,2016-12-31,156.49,156.79,154.96,155.68,2028362,0,1,151.4161762,151.7064494,149.9357829,150.6324386,2028362
Boeing,2016-11-30,151.59,153.08,150.56,150.56,3990972,0,1,146.6750473,148.1167375,145.6784427,145.6784427,3990972
Boeing,2016-10-31,143.05,143.35,142.15,142.43,3075889,0,1,137.3590441,137.6471092,136.4948488,136.7637095,3075889
Boeing,2016-09-30,132.09,132.63,131.2701,131.74,3117139,0,1,126.8350656,127.3535828,126.0477837,126.4989896,3117139
Boeing,2016-08-31,130.83,130.83,129.14,129.45,3639176,0,1,125.6251922,125.6251922,124.0024254,124.3000927,3639176
Boeing,2016-07-31,133.05,133.8,132.3,133.66,3559058,0,1,126.7127486,127.4270257,125.9984716,127.293694,3559058
Boeing,2016-06-30,127.08,129.87,127.08,129.87,4110845,0,1,121.0271033,123.6842139,121.0271033,123.6842139,4110845
Boeing,2016-05-31,129.88,129.98,126.04,126.15,6893758,0,1,123.6937376,123.7889746,120.0366391,120.1413998,6893758
Boeing,2016-04-30,134.42,135.23,132.81,134.8,3716644,0,1,126.9768573,127.7420058,125.4560067,127.3358158,3716644
Boeing,2016-03-31,128.09,128.38,125.25,126.94,8758093,0,1,120.9973639,121.2713059,118.3146212,119.911042,8758093
Boeing,2016-02-29,118.12,119.465,117.5,118.18,4569117,0,1,111.5794256,112.8499498,110.9937564,111.6361032,4569117
Boeing,2016-01-31,118.14,120.18,118.02,120.13,9195206,0,1,110.5626249,112.4717815,110.4503216,112.4249884,9195206
Boeing,2015-12-31,145.96,145.96,144.5,144.59,2104978,0,1,136.5982794,136.5982794,135.2319223,135.3161498,2104978
Boeing,2015-11-30,146.97,147.26,145.36,145.45,3175825,0,1,137.5434991,137.8148988,136.0367628,136.1209903,3175825
Boeing,2015-10-31,147.4,149.6,147.09,148.07,3938024,0,1,137.1039959,139.1503242,136.8156496,137.7271959,3938024
Boeing,2015-09-30,130.27,131.41,129.621,130.95,3025421,0,1,121.1705397,122.2309098,120.5668728,121.8030411,3025421
Boeing,2015-08-31,132.25,132.7,130.39,130.68,4231483,0,1,123.0122351,123.4308023,121.2821576,121.5519008,4231483
Boeing,2015-07-31,143.76,144.92,143.29,144.17,3163496,0,1,132.8840034,133.9562449,132.4495607,133.2629853,3163496
Boeing,2015-06-30,140.06,140.06,138.44,138.72,3434761,0,1,129.4639226,129.4639226,127.9664818,128.2252988,3434761
Boeing,2015-05-31,142.26,142.26,140.32,140.52,6199095,0,1,131.4974841,131.4974841,129.7042526,129.8891218,6199095
Boeing,2015-04-30,145.25,145.94,142.75,143.34,4925132,0,1,133.4005693,134.0342794,131.1045182,131.6463862,4925132
Boeing,2015-03-31,152.23,152.25,149.94,150.08,2975297,0,1,139.811144,139.8295124,137.7079612,137.83654,2975297
Boeing,2015-02-28,151,151.89,150.45,150.85,4330527,0,1,138.6814868,139.498881,138.1763556,138.5437238,4330527
Boeing,2015-01-31,146.22,146.85,144.37,145.37,11271047,0,1,133.4703311,134.0453982,131.7816421,132.694447,11271047
Boeing,2014-12-31,132.25,132.3,129.86,129.98,2712384,0,1,120.7184468,120.764087,118.5368431,118.6463797,2712384
Boeing,2014-11-30,135.51,135.78,134.04,134.36,2089964,0,1,123.6941907,123.9406481,122.3523675,122.6444651,2089964
Boeing,2014-10-31,125.03,125.89,124.73,124.91,4668628,0,1,113.4612213,114.2416472,113.1889797,113.3523246,4668628
Boeing,2014-09-30,128.57,129.39,127.31,127.38,4007558,0,1,116.6736721,117.4177991,115.5302574,115.5937804,4007558
Boeing,2014-08-31,127.35,127.35,126.05,126.8,3032700,0,1,115.5665563,115.5665563,114.3868427,115.0674467,3032700
Boeing,2014-07-31,121.47,122.05,120.41,120.48,5588800,0,1,109.5548139,110.0779208,108.598791,108.6619246,5588800
Boeing,2014-06-30,127.91,127.91,126.2,127.23,5712900,0,1,115.363104,115.363104,113.8208407,114.7498063,5712900
Boeing,2014-05-31,134.67,135.44,134.04,135.25,2760300,0,1,121.4600049,122.1544743,120.8918026,121.9831117,2760300
Boeing,2014-04-30,128.05,129.5,127.8,129.02,2773000,0,1,114.8461973,116.1466814,114.6219759,115.7161763,2773000
Boeing,2014-03-31,125.36,126.04,124.8,125.49,2962000,0,1,112.4335751,113.0434573,111.9313192,112.5501702,2962000
Boeing,2014-02-28,128.75,129.9501,128.06,128.92,4361400,0,1,115.4740172,116.5503695,114.8551661,115.6264877,4361400
Boeing,2014-01-31,124.46,126.87,123.08,125.26,9732700,0,1,110.9940076,113.1432569,109.7633172,111.7074514,9732700
Boeing,2013-12-31,136.16,137.05,135.74,136.49,2096000,0,1,121.4281221,122.2218283,121.0535642,121.7224177,2096000
Boeing,2013-11-30,134.82,135.23,134.18,134.25,1680900,0,1,120.2331039,120.5987438,119.6623489,119.7247752,1680900
Boeing,2013-10-31,129.84,131.88,129.55,130.5,4931800,0,1,115.3714856,117.1841615,115.1138013,115.9579396,4931800
Boeing,2013-09-30,117.35,117.895,116.37,117.5,4032900,0,1,104.273289,104.7575577,103.4024937,104.4065739,4032900
Boeing,2013-08-31,104.92,104.96,103.6,103.92,2723800,0,1,93.22840628,93.26394894,92.05549838,92.33983969,2723800
Boeing,2013-07-31,105.92,106.28,104.99,105.1,4487800,0,1,93.6899888,94.00842154,92.86737088,92.96466978,4487800
Boeing,2013-06-30,102.86,103.49,102.32,102.44,5432500,0,1,90.9833105,91.54056779,90.50566138,90.61180563,5432500
Boeing,2013-05-31,100.21,100.95,99.02,99.02,4218700,0,1,88.6392917,89.2938479,87.58669459,87.58669459,4218700
Boeing,2013-04-30,91.35,91.99,90.8201,91.41,4714300,0,1,80.38771813,80.95091615,79.92140776,80.44051794,4714300
Boeing,2013-03-31,86.41,86.5,85.42,85.85,4884300,0,1,76.04053337,76.11973309,75.16933643,75.5477351,4884300
Boeing,2013-02-28,77.24,77.73,76.4,76.9,5593400,0,1,67.97096167,68.40216015,67.23176426,67.67176272,5593400
Boeing,2013-01-31,74.5,74.62,73.76,73.87,7639000,0,1,65.13730963,65.24222879,64.49030817,64.58648406,7639000
Boeing,2012-12-31,74.61,75.41,74,75.36,4939000,0,1,65.23348553,65.93294657,64.70014648,65.88923026,4939000
Boeing,2012-11-30,74.36,74.66,73.86,74.28,3863400,0,1,65.01490395,65.27720184,64.5777408,64.94495785,3863400
Boeing,2012-10-31,71.35,71.45,70.2734,70.44,3778700,0,1,61.99411587,62.08100321,61.05868678,61.20344109,3778700
Boeing,2012-09-30,69.75,70.05,69.18,69.595,4057500,0,1,60.60391845,60.86458047,60.10866063,60.46924308,4057500
Boeing,2012-08-31,71.27,71.75,70.61,71.4,3171800,0,1,61.924606,62.34166522,61.35114956,62.03755954,3171800
Boeing,2012-07-31,74.82,75.06,73.88,73.91,3978700,0,1,64.61998929,64.82727073,63.80813697,63.83404715,3978700
Boeing,2012-06-30,73.06,74.37,72.89,74.3,4419400,0,1,63.09992538,64.23133658,62.95310103,64.1708795,4419400
Boeing,2012-05-31,69.54,70.11,69.07,69.61,4191400,0,1,60.05979758,60.552091,59.65387142,60.12025467,4191400
Boeing,2012-04-30,76.51,76.87,75.68,76.8,5811100,0,1,65.68927495,65.99836055,64.97666094,65.93826057,5811100
Boeing,2012-03-31,74.32,74.44,73.78,74.37,3203800,0,1,63.80900424,63.91203277,63.34537585,63.8519328,3203800
Boeing,2012-02-29,75.28,75.72,74.75,74.95,4631800,0,1,64.6332325,65.01100378,64.17818981,64.34990404,4631800
Boeing,2012-01-31,74.51,75.2,73.9624,74.18,4777200,0,1,63.60127981,64.19025958,63.1338518,63.31959383,4777200
Boeing,2011-12-31,73.86,74.08,73.24,73.35,2811800,0,1,63.04644379,63.23423444,62.51721558,62.61111091,2811800
Boeing,2011-11-30,67.08,68.75,66.99,68.69,8601100,0,1,57.2590773,58.68457907,57.18225385,58.63336344,8601100
Boeing,2011-10-31,67.12,67.49,65.74,65.79,6879500,0,1,56.93444436,57.24829633,55.76386133,55.80627375,6879500
Boeing,2011-09-30,61.5,62.18,60.45,60.51,5464300,0,1,52.16728737,52.7440964,51.27662636,51.32752128,5464300
Boeing,2011-08-31,66.69,67.29,66.14,66.86,6807400,0,1,56.56969747,57.07864662,56.10316076,56.71389973,6807400
Boeing,2011-07-31,70,71.11,69.25,70.47,5962000,0,1,58.946162,59.88087972,58.31459598,59.34194338,5962000
Boeing,2011-06-30,73,74.1,72.9,73.93,4245300,0,1,61.47242609,62.39872292,61.38821729,62.25556796,4245300
Boeing,2011-05-31,77.8,78.35,77.41,78.03,4706400,0,1,65.51444863,65.97759704,65.1860343,65.70812887,4706400
Boeing,2011-04-30,78.85,80.34,78.85,79.78,8050400,0,1,66.04785578,67.29593828,66.04785578,66.8268603,8050400
Boeing,2011-03-31,73.81,74.47,73.47,73.93,4199200,0,1,61.8261539,62.37899582,61.54135656,61.92667062,4199200
Boeing,2011-02-28,72.47,72.9,71.7,72.01,4098500,0,1,60.70371729,61.06390218,60.05873506,60.31840323,4098500
Boeing,2011-01-31,69.26,69.96,69.1242,69.48,4559800,0,1,57.6813394,58.26431568,57.568242,57.86456052,4559800
Boeing,2010-12-31,64.9,65.29,64.62,65.26,2137400,0,1,54.05022996,54.37503103,53.81703944,54.35004633,2137400
Boeing,2010-11-30,63.73,64.21,63.47,63.77,5814100,0,1,53.07582674,53.4755819,52.85929269,53.10913967,5814100
Boeing,2010-10-31,71.15,71.46,70.356,70.64,3192300,0,1,58.89656254,59.15317441,58.23930505,58.47439463,3192300
Boeing,2010-09-30,67.09,67.97,66.05,66.54,8214300,0,1,55.53577486,56.26422145,54.67488343,55.08049574,8214300
Boeing,2010-08-31,62,62.18,60.8,61.13,5309500,0,1,51.32237354,51.47137398,50.32903728,50.60220475,5309500
Boeing,2010-07-31,66.61,68.38,66.47,68.14,6022000,0,1,54.80604269,56.26238101,54.69085209,56.06491141,6022000
Boeing,2010-06-30,63.05,64.21,62.58,62.75,7102200,0,1,51.87691025,52.83134666,51.49019894,51.63007325,7102200
Boeing,2010-05-31,65.15,65.26,63.51,64.18,5775600,0,1,53.60476927,53.69527618,52.25539366,52.80666296,5775600
Boeing,2010-04-30,73.8,74.48,72.26,72.43,5600900,0,1,60.36481524,60.92102221,59.10517004,59.24422178,5600900
Boeing,2010-03-31,72.92,73.06,71.95,72.61,5884600,0,1,59.64501798,59.75953118,58.8516051,59.39145304,5884600
Boeing,2010-02-28,63.09,63.88,63.03,63.16,4416000,0,1,51.60455547,52.25073709,51.55547838,51.66181207,4416000
Boeing,2010-01-31,62.8,63.4,60.32,60.6,8725400,0,1,51.01870238,51.50614222,49.00395108,49.231423,8725400
Boeing,2009-12-31,55,55.22,54.05,54.13,2189400,0,1,44.68198457,44.86071251,43.91020484,43.97519682,2189400
Boeing,2009-11-30,52.43,52.69,51.78,52.41,5432200,0,1,42.59411729,42.80534122,42.06605747,42.5778693,5432200
Boeing,2009-10-31,48.7,48.81,47.66,47.8,8702600,0,1,39.22118076,39.30977069,38.38360318,38.49635401,8702600
Boeing,2009-09-30,54.86,55.25,53.46,54.15,5939600,0,1,44.18221717,44.49630876,43.0547089,43.6104094,5939600
Boeing,2009-08-31,50.17,50.25,49.02,49.67,9297900,0,1,40.40506445,40.46949349,39.47889693,40.00238292,9297900
Boeing,2009-07-31,43.32,43.49,42.8,42.91,6029200,0,1,34.55867404,34.6942921,34.14384231,34.23159517,6029200
Boeing,2009-06-30,43.63,43.79,42.1,42.5,8321200,0,1,34.80597757,34.9336181,33.58541498,33.90451631,8321200
Boeing,2009-05-31,44.61,45.08,43.95,44.85,5417400,0,1,35.58777582,35.96271989,35.06125863,35.77923662,5417400
Boeing,2009-04-30,41.07,41.74,39.9,40.05,7028100,0,1,32.45532999,32.98479362,31.53074426,31.64928089,7028100
Boeing,2009-03-31,35.9,36.24,35.05,35.58,11549200,0,1,28.36976739,28.63845042,27.6980598,28.11688924,11549200
Boeing,2009-02-28,32.3,32.37,31.4,31.44,11789000,0,1,25.52488821,25.5802053,24.81366841,24.84527818,11789000
Boeing,2009-01-31,40.76,42.49,40.63,42.31,9098000,0,1,31.89121418,33.24479123,31.7895003,33.10395663,9098000
Boeing,2008-12-31,41.59,43.05,41.5,42.67,5443100,0,1,32.5406182,33.68294334,32.4702009,33.38562584,5443100
Boeing,2008-11-30,41.17,42.8,41.1,42.63,2608200,0,1,32.21200412,33.48733972,32.15723511,33.35432926,2608200
Boeing,2008-10-31,50.62,52.61,49.28,52.42,8419400,0,1,39.28865722,40.83319353,38.2486177,40.68572524,8419400
Boeing,2008-09-30,56.29,57.65,55.62,57.35,6412200,0,1,43.68942147,44.74498397,43.16940171,44.51213931,6412200
Boeing,2008-08-31,66.25,66.43,65.1,65.56,3912800,0,1,51.4198645,51.5595713,50.52729327,50.88432176,3912800
Boeing,2008-07-31,63,63,61.01,61.11,10585300,0,1,48.60013207,48.60013207,47.06498504,47.1421281,10585300
Boeing,2008-06-30,66.63,66.75,65.55,65.72,8562400,0,1,51.40042539,51.49299707,50.56728027,50.69842348,8562400
Boeing,2008-05-31,82.4,82.9401,81.01,82.77,4660200,0,1,63.56588702,63.98253672,62.49359839,63.85131637,4660200
Boeing,2008-04-30,85.83,86.18,84.63,84.86,5220600,0,1,65.90012543,66.16885483,64.97876751,65.15536111,5220600
Boeing,2008-03-31,74.17,74.58,73.4,74.37,7394800,0,1,56.94759761,57.2623949,56.35639295,57.10115727,7394800
Boeing,2008-02-29,84.02,84.5,82.4,82.79,7667800,0,1,64.51041056,64.87895373,63.26657737,63.56601869,7667800
Boeing,2008-01-31,81.76,83.84,80.8,83.18,7887700,0,1,62.46252212,64.05158824,61.72910699,63.54736533,7887700
Boeing,2007-12-31,87.76,88.28,87.24,87.46,3184200,0,1,67.0463667,67.44363323,66.64910017,66.81717447,3184200
Boeing,2007-11-30,94.53,94.6,91.72,92.54,10111300,0,1,72.21847133,72.27194952,70.07170412,70.69816288,10111300
Boeing,2007-10-31,98.15,98.71,97.33,98.59,5940300,0,1,74.7141643,75.14044991,74.08996038,75.04910299,5940300
Boeing,2007-09-30,105.2,105.96,104.23,104.99,4549500,0,1,80.08079556,80.65932603,79.342408,79.92093846,4549500
Boeing,2007-08-31,98,98.58,96.7,96.7,3963100,0,1,74.59998066,75.04149075,73.61038908,73.61038908,3963100
Boeing,2007-07-31,106.54,106.54,103.31,103.43,6895500,0,1,80.82543791,80.82543791,78.37503277,78.46606949,6895500
Boeing,2007-06-30,95.36,96.34,95.25,96.16,5786300,0,1,72.34384982,73.08731639,72.26039949,72.95076131,5786300
Boeing,2007-05-31,100.69,100.96,100.47,100.59,4235500,0,1,76.38739763,76.59223026,76.22049697,76.31153369,4235500
Boeing,2007-04-30,94.02,94.11,92.85,93,3751400,0,1,71.06290215,71.13092663,70.17858397,70.2919581,3751400
Boeing,2007-03-31,89.62,90.07,88.65,88.91,4588200,0,1,67.73726112,68.0773835,67.00410844,67.20062359,4588200
Boeing,2007-02-28,87.4,88.41,86.05,87.26,6093600,0,1,66.05932406,66.82270984,65.03895693,65.95350821,6093600
Boeing,2007-01-31,89.25,90.34,89,89.56,11568600,0,1,67.19729445,68.01796729,67.00906674,67.43069682,11568600
CocaCola,2017-12-31,45.7,46.18,45.6925,45.88,8371536,0,1,45.7,46.18,45.6925,45.88,8371536
CocaCola,2017-11-30,45.14,45.84,45.03,45.77,17147538,0.37,1,45.14,45.84,45.03,45.77,17147538
CocaCola,2017-10-31,45.92,46.17,45.84,45.98,6560545,0,1,45.5517642,45.79975943,45.47240572,45.61128305,6560545
CocaCola,2017-09-30,44.86,45.11,44.79,45.01,10082221,0,1,44.50026441,44.74825964,44.43082575,44.64906155,10082221
CocaCola,2017-08-31,45.4,45.65,45.34,45.55,14264572,0,1,44.67742947,44.92345056,44.61838441,44.82504213,14264572
CocaCola,2017-07-31,46,46.0762,45.79,45.84,13622891,0,1,45.26788008,45.34286731,45.06122237,45.11042659,13622891
CocaCola,2017-06-30,44.89,45.12,44.85,44.85,9352785,0,1,44.17554646,44.40188586,44.13618308,44.13618308,9352785
CocaCola,2017-05-31,45.43,45.7,45.37,45.47,14148040,0,1,44.34260019,44.60613755,44.28403634,44.38164276,14148040
CocaCola,2017-04-30,42.96,43.2,42.85,43.15,10337768,0,1,41.93172142,42.16597685,41.82435435,42.11717364,10337768
CocaCola,2017-03-31,42.55,42.65,42.43,42.44,11551767,0,1,41.53153507,41.6291415,41.41440736,41.424168,11551767
CocaCola,2017-02-28,41.68,42.07,41.64,41.96,15946431,0,1,40.32734799,40.70469122,40.28864612,40.59826108,15946431
CocaCola,2017-01-31,41.39,41.685,41.36,41.57,12665523,0,1,40.04675944,40.33218573,40.01773304,40.22091785,12665523
CocaCola,2016-12-31,41.69,41.84,41.35,41.46,11470189,0,1,40.33702346,40.48215547,40.00805757,40.11448771,11470189
CocaCola,2016-11-30,41,41.2,40.35,40.35,22409697,0,1,39.66941621,39.86292556,39.04051083,39.04051083,22409697
CocaCola,2016-10-31,42.12,42.41,42.12,42.4,13327475,0,1,40.40936798,40.68759012,40.40936798,40.67799626,13327475
CocaCola,2016-09-30,42.21,42.5,42.06,42.32,14333069,0,1,40.49571278,40.77393493,40.35180478,40.60124532,14333069
CocaCola,2016-08-31,43.43,43.46,43.08,43.43,10217936,0,1,41.32407783,41.35262313,40.99104934,41.32407783,10217936
CocaCola,2016-07-31,43.72,43.75,43.48,43.63,16529298,0,1,41.60001572,41.62856102,41.37165332,41.51437982,16529298
CocaCola,2016-06-30,44.52,45.33,44.49,45.33,16056522,0,1,42.36122369,43.13194676,42.33267839,43.13194676,16056522
CocaCola,2016-05-31,44.98,44.98,44.26,44.6,18935249,0,1,42.46947861,42.46947861,41.78966481,42.110688,18935249
CocaCola,2016-04-30,44.53,44.86,44.5,44.8,11716045,0,1,42.04459499,42.35617631,42.01626941,42.29952516,11716045
CocaCola,2016-03-31,46.55,46.88,46.32,46.39,15541054,0,1,43.95185036,44.26343169,43.73468762,43.80078063,15541054
CocaCola,2016-02-29,43.17,43.6081,42.92,43.13,15026653,0,1,40.44730411,40.85777351,40.2130714,40.40982688,15026653
CocaCola,2016-01-31,42.86,43.26,42.65,42.92,20456815,0,1,40.15685555,40.53162788,39.96010008,40.2130714,20456815
CocaCola,2015-12-31,43.3,43.34,42.87,42.96,9727407,0,1,40.56910512,40.60658235,40.16622486,40.25054863,9727407
CocaCola,2015-11-30,43.12,43.15,42.605,42.62,16055427,0,1,40.40045757,40.42856549,39.91793819,39.93199215,16055427
CocaCola,2015-10-31,42.8,42.86,42.35,42.35,15356150,0,1,39.79628802,39.85207721,39.3778691,39.3778691,15356150
CocaCola,2015-09-30,39.88,40.23,39.8,40.12,19504072,0,1,37.08121416,37.4066511,37.00682858,37.30437092,19504072
CocaCola,2015-08-31,39.13,39.45,39.0549,39.32,12673260,0,1,36.07166339,36.36665271,36.00243308,36.2468133,12673260
CocaCola,2015-07-31,40.88,41.22,40.77,41.08,15309490,0,1,37.68488626,37.99831242,37.58348368,37.86925459,15309490
CocaCola,2015-06-30,39.61,39.61,39.12,39.23,14621325,0,1,36.51414738,36.51414738,36.06244497,36.16384755,14621325
CocaCola,2015-05-31,41.18,41.18,40.765,40.96,19628500,0,1,37.65158778,37.65158778,37.27214609,37.45043797,19628500
CocaCola,2015-04-30,40.4,40.58,40.28,40.56,12700657,0,1,36.93842026,37.10299738,36.82870218,37.08471103,12700657
CocaCola,2015-03-31,40.51,40.9,40.35,40.55,16604480,0,1,37.03899517,37.39557893,36.89270439,37.07556786,16604480
CocaCola,2015-02-28,42.52,43.66,42.47,43.3,28312800,0,1,38.56309733,39.59700916,38.51775032,39.27051069,28312800
CocaCola,2015-01-31,41.83,41.93,41.11,41.17,19192694,0,1,37.93730859,38.02800261,37.28431165,37.33872806,19192694
CocaCola,2014-12-31,42.92,42.94,42.22,42.22,9369464,0,1,38.92587341,38.94401222,38.29101527,38.29101527,9369464
CocaCola,2014-11-30,44.15,45,44.15,44.83,10501972,0,1,40.04140986,40.81230903,40.04140986,40.6581292,10501972
CocaCola,2014-10-31,41.83,41.89,41.4,41.88,18477684,0,1,37.67784275,37.73188699,37.2905257,37.72287962,18477684
CocaCola,2014-09-30,42.1,42.81,42.08,42.66,22600726,0,1,37.92104183,38.56056534,37.90302709,38.42545474,22600726
CocaCola,2014-08-31,41.6,41.75,41.47,41.72,7666700,0,1,37.20020682,37.33434219,37.08395618,37.30751511,7666700
CocaCola,2014-07-31,39.53,39.73,39.25,39.29,15434700,0,1,35.34913884,35.52798599,35.09875283,35.13452226,15434700
CocaCola,2014-06-30,41.98,42.49,41.82,42.36,14068800,0,1,37.54001641,37.99607663,37.39693869,37.87982599,14068800
CocaCola,2014-05-31,40.54,40.925,40.49,40.91,10446100,0,1,35.98081401,36.32251637,35.93643708,36.30920329,10446100
CocaCola,2014-04-30,40.69,40.88,40.59,40.79,12362000,0,1,36.1139448,36.28257713,36.02519094,36.20269866,12362000
CocaCola,2014-03-31,38.99,39.03,38.46,38.66,24489800,0,1,34.60512921,34.64063076,34.13473377,34.31224148,24489800
CocaCola,2014-02-28,38.08,38.3851,38.04,38.2,15763200,0,1,33.53162183,33.80027986,33.49639954,33.63728871,15763200
CocaCola,2014-01-31,37.95,38.16,37.72,37.82,16185000,0,1,33.41714938,33.60206642,33.21462121,33.30267694,16185000
CocaCola,2013-12-31,41.13,41.387,40.98,41.31,11729200,0,1,36.21732159,36.44362481,36.08523799,36.3758219,11729200
CocaCola,2013-11-30,40.27,40.48,40.11,40.19,8641100,0,1,35.46004231,35.64495934,35.31915314,35.38959773,8641100
CocaCola,2013-10-31,39.51,39.86,39.51,39.57,14853500,0,1,34.55011135,34.85617409,34.55011135,34.60257925,14853500
CocaCola,2013-09-30,38.19,38.2956,37.75,37.88,18101500,0,1,33.39581757,33.48816108,33.01105298,33.12473343,18101500
CocaCola,2013-08-31,38.16,38.28,38,38.18,14296600,0,1,33.12827465,33.23245162,32.98937203,33.14563748,14296600
CocaCola,2013-07-31,40.41,40.58,40.06,40.08,13557100,0,1,35.08159273,35.22917677,34.77774325,34.79510608,13557100
CocaCola,2013-06-30,40.25,40.44,40.1,40.11,16316000,0,1,34.94269011,35.10763697,34.81246891,34.82115032,16316000
CocaCola,2013-05-31,40.65,40.77,39.99,39.99,26184400,0,1,35.04698662,35.15044635,34.47795805,34.47795805,26184400
CocaCola,2013-04-30,42.15,42.39,41.88,42.33,13432200,0,1,36.34023335,36.54715283,36.10744894,36.49542296,13432200
CocaCola,2013-03-31,40.38,40.6,40.02,40.44,14227200,0,1,34.8142022,35.00387839,34.50382298,34.86593207,14227200
CocaCola,2013-02-28,38.47,38.97,38.42,38.72,19005500,0,1,32.9285462,33.35652315,32.88574851,33.14253468,19005500
CocaCola,2013-01-31,37.53,37.53,37.11,37.24,12969100,0,1,32.12394955,32.12394955,31.76444891,31.87572292,12969100
CocaCola,2012-12-31,35.88,36.28,35.58,36.25,15651400,0,1,30.71162563,31.05400718,30.45483946,31.02832857,15651400
CocaCola,2012-11-30,37.94,37.98,37.66,37.92,13039500,0,1,32.47489064,32.5091288,32.23522355,32.45777156,13039500
CocaCola,2012-10-31,37.16,37.41,36.92,37.18,11643500,0,1,31.59275903,31.8053045,31.38871537,31.60976266,11643500
CocaCola,2012-09-30,38.17,38.22,37.9,37.93,22721200,0,1,32.45144273,32.49395183,32.22189362,32.24739908,22721200
CocaCola,2012-08-31,37.41,37.58,37.15,37.4,20710300,0,1,31.59077328,31.73432932,31.37121698,31.58232881,20710300
CocaCola,2012-07-31,80.7,81.33,80.39,80.8,8166800,0,1,34.07344833,34.33944922,33.942559,34.11567069,16333600
CocaCola,2012-06-30,77.13,78.19,77.08,78.19,9259900,0,1,32.56610991,33.01366697,32.54499872,33.01366697,18519800
CocaCola,2012-05-31,74.96,75.22,74.66,74.73,7573800,0,1,31.43523777,31.54427141,31.30942972,31.33878493,15147600
CocaCola,2012-04-30,76.42,76.9,75.93,76.32,13258800,0,1,32.0475036,32.24879648,31.84201713,32.00556759,26517600
CocaCola,2012-03-31,73.62,74.14,73.31,74.01,13277900,0,1,30.87329515,31.09136243,30.7432935,31.03684561,26555800
CocaCola,2012-02-29,68.9,69.98,68.9,69.86,11732200,0,1,28.68566339,29.13530804,28.68566339,29.08534753,23464400
CocaCola,2012-01-31,67.98,67.98,67.18,67.53,6771700,0,1,28.30263276,28.30263276,27.96956265,28.11528083,13543400
CocaCola,2011-12-31,70,70.29,69.97,69.97,3931000,0,1,29.1436348,29.26437271,29.13114467,29.13114467,7862000
CocaCola,2011-11-30,67.34,67.96,66.72,67.23,12650200,0,1,28.03617667,28.29430601,27.77804734,27.99037953,25300400
CocaCola,2011-10-31,68.65,69.05,68.29,68.32,9499300,0,1,28.3800587,28.54541957,28.23123392,28.24363598,18998600
CocaCola,2011-09-30,68.45,69.1,67.56,67.56,12513100,0,1,28.29737827,28.56608967,27.92945034,27.92945034,25026200
CocaCola,2011-08-31,69.87,70.77,69.6608,70.45,11161400,0,1,28.68927247,29.05882085,28.603373,28.92742587,22322800
CocaCola,2011-07-31,68.36,68.85,67.9,68.01,10272800,0,1,28.06925241,28.27045097,27.88037213,27.92553915,20545600
CocaCola,2011-06-30,66.98,67.49,66.82,67.29,7797300,0,1,27.50261156,27.71202231,27.43691407,27.62990045,15594600
CocaCola,2011-05-31,66.94,67.24,66.64,66.81,10147000,0,1,27.28922869,27.41152879,27.16692859,27.23623198,20294000
CocaCola,2011-04-30,67.56,67.77,67.27,67.46,7412100,0,1,27.54198223,27.6275923,27.4237588,27.50121553,14824200
CocaCola,2011-03-31,65.96,66.85,65.96,66.34,8861500,0,1,26.88971503,27.25253866,26.88971503,27.04462849,17723000
CocaCola,2011-02-28,64.17,64.48,63.86,63.92,9685000,0,1,25.97164559,26.09711247,25.8461787,25.87046261,19370000
CocaCola,2011-01-31,62.32,62.85,61.89,62.85,7858900,0,1,25.22289159,25.43739949,25.04885687,25.43739949,15717800
CocaCola,2010-12-31,65.36,65.8,65.36,65.77,5386700,0,1,26.45327654,26.63135857,26.45327654,26.61921662,10773400
CocaCola,2010-11-30,62.95,63.58,62.92,63.17,11775300,0,1,25.47787268,25.73285377,25.46573072,25.56691369,23550600
CocaCola,2010-10-31,61.15,61.5,61.03,61.32,7119800,0,1,24.57875028,24.71942997,24.53051725,24.64708041,14239600
CocaCola,2010-09-30,58.86,59.1588,58.25,58.52,7924800,0,1,23.65830322,23.77840347,23.41311863,23.52164295,15849600
CocaCola,2010-08-31,55.2,56.04,55,55.8825,9283900,0,1,22.020232,22.35532249,21.94044855,22.29249302,18567800
CocaCola,2010-07-31,54.71,55.29,54.43,55.11,8336300,0,1,21.82476255,22.05613455,21.71306572,21.98432945,16672600
CocaCola,2010-06-30,50.38,50.58,50.01,50.12,10966900,0,1,20.09745087,20.17723432,19.94985149,19.99373239,21933800
CocaCola,2010-05-31,51.18,51.9494,51,51.4,11788500,0,1,20.24412744,20.54846178,20.17292887,20.33114792,23577000
CocaCola,2010-04-30,53.62,53.96,53.4,53.45,9674800,0,1,21.20926364,21.34374984,21.12224317,21.14202055,19349600
CocaCola,2010-03-31,54.79,55.29,54.5,55,11461000,0,1,21.67205436,21.86982818,21.55734555,21.75511936,22922000
CocaCola,2010-02-28,53.09,53.09,52.23,52.72,31547700,0,1,20.82864201,20.82864201,20.49124077,20.68348101,63095400
CocaCola,2010-01-31,54.44,54.94,53.9,54.25,11073400,0,1,21.3582835,21.55444702,21.14642691,21.28374137,22146800
CocaCola,2009-12-31,57.58,57.75,56.93,57,5424400,0,1,22.59019038,22.65688597,22.33517781,22.3626407,10848800
CocaCola,2009-11-30,57.29,57.32,56.8,57.2,9442400,0,1,22.47641554,22.48818535,22.28417529,22.4411061,18884800
CocaCola,2009-10-31,54.06,54.27,53.11,53.31,10906100,0,1,21.05820476,21.14000689,20.68814752,20.7660543,21812200
CocaCola,2009-09-30,53.32,53.95,52.6,53.7,14137900,0,1,20.76994964,21.01535602,20.48948521,20.91797254,28275800
CocaCola,2009-08-31,48.84,49.37,48.5,48.77,10660800,0,1,18.87460294,19.07942561,18.74320726,18.84755089,21321600
CocaCola,2009-07-31,49.64,50.2,49.5,49.84,8411100,0,1,19.18376924,19.40018566,19.12966514,19.26106082,16822200
CocaCola,2009-06-30,48.21,48.25,47.81,47.99,15723700,0,1,18.63113447,18.64659279,18.47655132,18.54611374,31447400
CocaCola,2009-05-31,47.01,49.16,46.95,49.16,22718400,0,1,18.01534117,18.8392719,17.99234776,18.8392719,45436800
CocaCola,2009-04-30,43.13,44.07,42.8,43.05,17979600,0,1,16.52843363,16.8886638,16.40196984,16.49777574,35959200
CocaCola,2009-03-31,44.27,44.72,43.86,43.95,11918300,0,1,16.96530852,17.13775914,16.80818685,16.84267697,23836600
CocaCola,2009-02-28,40.96,41.295,40.45,40.85,17724000,0,1,15.53586535,15.6629287,15.34242562,15.49414305,35448000
CocaCola,2009-01-31,43.44,43.68,42.53,42.72,11303700,0,1,16.47651344,16.5675439,16.13135628,16.20342206,22607400
CocaCola,2008-12-31,45.17,45.5,45.06,45.27,7775200,0,1,17.13269135,17.25785823,17.09096905,17.17062071,15550400
CocaCola,2008-11-30,45.2,46.91,45.2,46.87,6282800,0,1,17.14407016,17.79266219,17.14407016,17.77749045,12565600
CocaCola,2008-10-31,45.14,46,43.5,44.06,15935100,0,1,16.97913381,17.30261753,16.36225788,16.57289844,31870200
CocaCola,2008-09-30,51.81,52.9,51.01,52.88,17596600,0,1,19.48801335,19.89801016,19.18709826,19.89048728,35193200
CocaCola,2008-08-31,53.09,53.09,52.04,52.07,8920600,0,1,19.83031737,19.83031737,19.43811859,19.44932427,17841200
CocaCola,2008-07-31,51.5,51.85,51.22,51.5,10608400,0,1,19.23641636,19.36714929,19.13183002,19.23641636,21216800
CocaCola,2008-06-30,51.86,52.9,51.44,51.98,15071000,0,1,19.37088451,19.75934807,19.214005,19.41570723,30142000
CocaCola,2008-05-31,57.93,57.99,57.02,57.26,13415800,0,1,21.49521665,21.51747995,21.15755659,21.24660979,26831600
CocaCola,2008-04-30,59,59.77,58.69,58.87,11679600,0,1,21.8922455,22.17795786,21.77721845,21.84400835,23359200
CocaCola,2008-03-31,60.64,61.2,60.64,60.87,9270700,0,1,22.50077572,22.70856652,22.50077572,22.58611837,18541400
CocaCola,2008-02-29,59.1,59.33,58.18,58.46,7983700,0,1,21.78946258,21.87426083,21.45026959,21.55350224,15967400
CocaCola,2008-01-31,57.3,59.36,57.24,59,12020900,0,1,21.12582413,21.88532147,21.10370285,21.75259378,24041800
CocaCola,2007-12-31,62.06,62.2,61.22,61.37,5864600,0,1,22.88077915,22.93239548,22.57108121,22.62638441,11729200
CocaCola,2007-11-30,63.1,63.1,61.72,62.1,10842100,0,1,23.2642147,23.2642147,22.75542522,22.89552667,21684200
CocaCola,2007-10-31,61.99,62.06,61.13,61.76,8320000,0,1,22.73226942,22.75793903,22.41689998,22.64792643,16640000
CocaCola,2007-09-30,57.3,57.78,57.03,57.47,6530600,0,1,21.01240584,21.18842599,20.9133945,21.07474631,13061200
CocaCola,2007-08-31,53.77,53.98,53.39,53.78,7517600,0,1,19.59859189,19.67513465,19.46008594,19.60223679,15035200
CocaCola,2007-07-31,52.74,52.87,52.04,52.11,9943500,0,1,19.22316787,19.27055149,18.96802533,18.99353959,19887000
CocaCola,2007-06-30,52.84,52.95,51.95,52.31,9514600,0,1,19.2596168,19.29971063,18.93522129,19.06643745,19029200
CocaCola,2007-05-31,52.96,53.46,52.88,52.99,10627700,0,1,19.17640889,19.35745505,19.14744151,19.18727166,21255400
CocaCola,2007-04-30,51.92,52.35,51.85,52.19,11743000,0,1,18.79983289,18.95553258,18.77448643,18.89759781,23486000
CocaCola,2007-03-31,48.26,48.5,47.6,48,8968800,0,1,17.47457502,17.56147718,17.2355941,17.38043102,17937600
CocaCola,2007-02-28,46.75,46.9,46.32,46.68,13814600,0,1,16.80639248,16.86031673,16.65180962,16.78122783,27629200
CocaCola,2007-01-31,47.8,47.97,47.49,47.88,5302200,0,1,17.18386226,17.24497641,17.0724188,17.21262186,10604400
ProcterGamble,2017-12-31,92.24,92.46,91.88,91.88,4346675,0,1,91.53959723,91.75792671,91.1823308,91.1823308,4346675
ProcterGamble,2017-11-30,89.35,90.37,89.21,89.99,9789833,0,1,88.67154176,89.68379663,88.53260482,89.30668207,9789833
ProcterGamble,2017-10-31,86.49,86.5,85.72,86.34,7118956,0,1,85.8332585,85.84318257,85.06910532,85.68439749,7118956
ProcterGamble,2017-09-30,90.97,91.43,90.7,90.98,6634464,0,1,89.60420084,90.05729452,89.33825455,89.6140507,6634464
ProcterGamble,2017-08-31,91.89,92.39,91.84,92.27,5864440,0,1,90.5103882,91.00288134,90.46113889,90.88468299,5864440
ProcterGamble,2017-07-31,90.21,91.07,90.21,90.82,7835661,0,1,88.85561127,89.70269946,88.85561127,89.4564529,7835661
ProcterGamble,2017-06-30,87.05,87.47,87,87.15,6070254,0,1,85.07860377,85.48909215,85.02973611,85.1763391,6070254
ProcterGamble,2017-05-31,87.67,88.35,87.45,88.09,10146610,0,1,85.68456281,86.34916305,85.46954509,86.09505119,10146610
ProcterGamble,2017-04-30,87.52,87.59,87.15,87.33,8295445,0,1,85.53795982,85.60637455,85.1763391,85.35226269,8295445
ProcterGamble,2017-03-31,90.03,90.34,89.84,89.85,6942356,0,1,87.31907157,87.61973704,87.13479274,87.14449162,6942356
ProcterGamble,2017-02-28,90.9,91.79,90.65,91.07,10535619,0,1,88.16287466,89.02607553,87.92040251,88.32775573,10535619
ProcterGamble,2017-01-31,86.63,87.66,86.53,87.6,9707265,0,1,84.0214503,85.02043557,83.92446144,84.96224225,9707265
ProcterGamble,2016-12-31,84.17,84.45,83.92,84.08,6209846,0,1,80.99702779,81.26647258,80.75645209,80.91042054,6209846
ProcterGamble,2016-11-30,82.52,82.83,82.26,82.46,12115374,0,1,79.40922815,79.70754202,79.15902942,79.35148998,12115374
ProcterGamble,2016-10-31,87.01,87.47,86.69,86.8,8207137,0,1,83.72996778,84.17262707,83.42203088,83.52788419,8207137
ProcterGamble,2016-09-30,88.3,90.22,88.29,89.75,123724322,0,1,84.31145393,86.14472677,84.30190563,85.69595685,123724322
ProcterGamble,2016-08-31,87.75,87.85,87.025,87.31,11407806,0,1,83.78629765,83.88178061,83.09404618,83.36617262,11407806
ProcterGamble,2016-07-31,84.89,85.79,84.8,85.59,7520867,0,1,81.05548498,81.91483163,80.96955032,81.7238657,7520867
ProcterGamble,2016-06-30,83.91,84.8,83.82,84.67,10969296,0,1,79.49595286,80.33913481,79.41068727,80.21597341,10969296
ProcterGamble,2016-05-31,81.58,81.82,80.74,81.04,6705032,0,1,77.28852144,77.51589635,76.49270926,76.77692789,6705032
ProcterGamble,2016-04-30,79.67,80.15,79.37,80.12,9390952,0,1,75.47899612,75.93374594,75.19477748,75.90532407,9390952
ProcterGamble,2016-03-31,82.75,83,82.1533,82.31,6819225,0,1,77.76215202,77.99708299,77.20141878,77.34867351,6819225
ProcterGamble,2016-02-29,81.1,81.35,80.21,80.29,11052435,0,1,76.2116076,76.44653857,75.37525334,75.45043125,11052435
ProcterGamble,2016-01-31,79.98,82,79.83,81.69,19893903,0,1,75.15911684,77.0573591,75.01815826,76.7660447,19893903
ProcterGamble,2015-12-31,79.91,80.04,79.31,79.41,5077736,0,1,74.44256502,74.56367043,73.88361697,73.97677497,5077736
ProcterGamble,2015-11-30,75.58,75.81,74.84,74.84,8931377,0,1,70.40882323,70.62308665,69.71945396,69.71945396,8931377
ProcterGamble,2015-10-31,76.98,77.14,76.38,76.38,9547693,0,1,71.71303535,71.86208817,71.1540873,71.1540873,9547693
ProcterGamble,2015-09-30,72.86,73.06,71.55,71.94,10860477,0,1,67.26896537,67.45361804,66.05949043,66.41956312,10860477
ProcterGamble,2015-08-31,70.73,71,70.3,70.67,9520712,0,1,65.3024145,65.5516956,64.90541128,65.24701871,9520712
ProcterGamble,2015-07-31,77.63,77.74,76.66,76.7,11877236,0,1,71.6729314,71.77449037,70.77736598,70.81429651,11877236
ProcterGamble,2015-06-30,78.92,79.01,78.13,78.24,8451427,0,1,72.27114424,72.35356192,71.5477002,71.64843291,8451427
ProcterGamble,2015-05-31,79.18,79.24,78.19,78.39,12551703,0,1,72.50923975,72.56418487,71.60264531,71.78579571,12551703
ProcterGamble,2015-04-30,79.95,80.15,79.07,79.51,9409334,0,1,73.21436875,73.39751914,72.40850703,72.81143789,9409334
ProcterGamble,2015-03-31,82.76,82.93,81.94,81.94,8649407,0,1,75.17195532,75.32636847,74.42713895,74.42713895,8649407
ProcterGamble,2015-02-28,85.02,85.38,84.57,85.13,7685024,0,1,77.22474192,77.55173448,76.81600123,77.32465632,7685024
ProcterGamble,2015-01-31,85.09,85.2245,84.25,84.29,14685250,0,1,77.28832381,77.41049186,76.52534118,76.56167369,14685250
ProcterGamble,2014-12-31,92.04,92.55,91.03,91.09,5712139,0,1,83.01187985,83.47185441,82.10094983,82.15506449,5712139
ProcterGamble,2014-11-30,89.09,90.56,88.97,90.43,7661778,0,1,80.35124267,81.67705171,80.24301336,81.55980329,7661778
ProcterGamble,2014-10-31,87.08,87.36,86.71,87.27,9359840,0,1,78.53840175,78.7909368,78.20469471,78.70976482,9359840
ProcterGamble,2014-09-30,84.34,84.36,83.68,83.74,8080239,0,1,75.48998964,75.50789099,74.89924512,74.95294917,8080239
ProcterGamble,2014-08-31,83.09,83.13,82.6,83.11,4901300,0,1,74.37115532,74.40695801,73.93257226,74.38905667,4901300
ProcterGamble,2014-07-31,77.76,78.01,77.29,77.32,11235600,0,1,69.60044575,69.82421262,69.17976404,69.20661607,11235600
ProcterGamble,2014-06-30,79.01,79.46,78.43,78.59,10297700,0,1,70.16138696,70.56098985,69.64634324,69.78842427,10297700
ProcterGamble,2014-05-31,80.25,80.85,80.17,80.79,7433000,0,1,71.26251492,71.79531877,71.19147441,71.74203838,7433000
ProcterGamble,2014-04-30,82.39,82.75,82.2375,82.55,6243300,0,1,73.16284865,73.48253096,73.02742767,73.30492968,6243300
ProcterGamble,2014-03-31,80,80.83,79.55,80.6,8492800,0,1,70.47607329,71.20726255,70.07964537,71.00464383,8492800
ProcterGamble,2014-02-28,78.24,78.91,78.0055,78.66,8489600,0,1,68.92559967,69.51583679,68.71901668,69.29559906,8489600
ProcterGamble,2014-01-31,76.03,77.191,75.26,76.62,12988800,0,1,66.97869815,68.00148216,66.30036594,67.49845919,12988800
ProcterGamble,2013-12-31,81.83,82,81.09,81.41,5765300,0,1,71.54505618,71.69368944,70.89806435,71.1778446,5765300
ProcterGamble,2013-11-30,84.77,85.21,84.15,84.22,4954500,0,1,74.11553724,74.50023509,73.573463,73.63466493,4954500
ProcterGamble,2013-10-31,81.2,81.6,80.72,80.75,7786800,0,1,70.99423881,71.34396413,70.57456843,70.60079783,7786800
ProcterGamble,2013-09-30,76.8,77.16,75.35,75.59,15028300,0,1,66.63562735,66.94798185,65.37753282,65.58576915,15028300
ProcterGamble,2013-08-31,77.53,78.07,73.61,77.89,9039100,0,1,67.26901287,67.73754462,63.86781939,67.58136737,9039100
ProcterGamble,2013-07-31,80.44,81.41,80.16,80.3,11857000,0,1,69.79387843,70.63550029,69.55093604,69.67240724,11857000
ProcterGamble,2013-06-30,77.62,77.94,76.9,76.99,9865300,0,1,66.84507487,67.12065363,66.22502264,66.30252917,9865300
ProcterGamble,2013-05-31,78.79,78.81,76.7525,76.76,16461900,0,1,67.85265973,67.86988341,66.09799805,66.10445693,16461900
ProcterGamble,2013-04-30,77.86,77.89,76.6,76.77,9653800,0,1,67.05175894,67.07759445,65.96666754,66.11306876,9653800
ProcterGamble,2013-03-31,76.95,77.16,76.66,77.06,8016700,0,1,65.75522179,65.93467073,65.50741133,65.84921885,8016700
ProcterGamble,2013-02-28,76.66,76.91,76.17,76.18,10466900,0,1,65.50741133,65.72104103,65.08869712,65.09724231,10466900
ProcterGamble,2013-01-31,74.83,75.26,74.67,75.16,11661500,0,1,63.94364193,64.31108501,63.80691892,64.22563313,11661500
ProcterGamble,2012-12-31,67,67.97,66.83,67.89,9061900,0,1,56.79245741,57.61467657,56.64835715,57.54686468,9061900
ProcterGamble,2012-11-30,69.37,69.89,69.37,69.83,8886800,0,1,58.80138464,59.24216192,58.80138464,59.191303,8886800
ProcterGamble,2012-10-31,69.51,69.95,69.01,69.24,9095400,0,1,58.92005545,59.29302084,58.49623114,58.69119032,9095400
ProcterGamble,2012-09-30,69.25,69.42,68.64,69.36,8955100,0,1,58.22860768,58.37155155,57.71569142,58.32110077,8955100
ProcterGamble,2012-08-31,67.14,67.45,66.89,67.19,10088600,0,1,56.45442194,56.7150843,56.24421036,56.49646426,10088600
ProcterGamble,2012-07-31,64.79,64.985,64.5,64.54,9327200,0,1,54.47843309,54.64239812,54.23458766,54.26822151,9327200
ProcterGamble,2012-06-30,60.65,61.27,60.54,61.25,13301800,0,1,50.55897475,51.07581835,50.46727669,51.05914597,13301800
ProcterGamble,2012-05-31,62.6,62.62,61.98,62.29,9268400,0,1,52.18453123,52.2012036,51.66768763,51.92610943,9268400
ProcterGamble,2012-04-30,63.58,64.16,63.29,63.64,19195000,0,1,53.00147757,53.48497642,52.75972814,53.05149469,19195000
ProcterGamble,2012-03-31,67.15,67.48,67.01,67.21,8670300,0,1,55.51110021,55.78390234,55.39536597,55.5607006,8670300
ProcterGamble,2012-02-29,67.41,67.77,67.31,67.62,14742500,0,1,55.72603522,56.02363755,55.64336791,55.89963658,14742500
ProcterGamble,2012-01-31,63.42,63.55,62.7,63.04,11358600,0,1,52.42760946,52.53507697,51.83240481,52.11347368,11358600
ProcterGamble,2011-12-31,66.88,66.96,66.59,66.71,4062300,0,1,54.85177576,54.91738793,54.61393164,54.7123499,4062300
ProcterGamble,2011-11-30,63.23,64.59,63.19,64.57,15034500,0,1,51.85822042,52.97362734,51.82541433,52.9572243,15034500
ProcterGamble,2011-10-31,64.55,64.83,63.94,63.99,9438800,0,1,52.94082125,53.17046386,52.44052844,52.48153605,9438800
ProcterGamble,2011-09-30,63.4,64.4,63.17,63.18,11358100,0,1,51.57943465,52.3929904,51.39231683,51.40045238,11358100
ProcterGamble,2011-08-31,63.46,63.95,63.39,63.68,8972600,0,1,51.62824799,52.02689031,51.57129909,51.80723026,8972600
ProcterGamble,2011-07-31,61.68,62.181,61.49,61.49,10380300,0,1,50.18011876,50.58771019,50.02554316,50.02554316,10380300
ProcterGamble,2011-06-30,62.73,63.65,62.58,63.57,11807400,0,1,50.62040042,51.36280068,50.4993569,51.29824414,11807400
ProcterGamble,2011-05-31,66.33,67,66.33,67,10603900,0,1,53.52544492,54.06610598,53.52544492,54.06610598,10603900
ProcterGamble,2011-04-30,64.58,65.1,64.41,64.9,13357700,0,1,52.11327051,52.53288805,51.97608786,52.37149669,13357700
ProcterGamble,2011-03-31,61.76,62,61.59,61.6,11569500,0,1,49.43227983,49.62437418,49.296213,49.30421693,11569500
ProcterGamble,2011-02-28,62.8,63.24,62.62,63.05,11558200,0,1,50.26468869,50.61686167,50.12061792,50.46478697,11558200
ProcterGamble,2011-01-31,64.35,64.36,63.01,63.13,12568400,0,1,51.50529804,51.51330197,50.43277125,50.52881842,12568400
ProcterGamble,2010-12-31,64.08,64.45,64.01,64.33,5245600,0,1,50.91382418,51.20780225,50.8582067,51.11245801,5245600
ProcterGamble,2010-11-30,61.51,61.66,61.02,61.07,17675200,0,1,48.87186837,48.99104867,48.48254606,48.52227282,17675200
ProcterGamble,2010-10-31,63.23,63.85,63.19,63.57,11368300,0,1,50.23846914,50.73108105,50.20668773,50.50861116,11368300
ProcterGamble,2010-09-30,60.32,60.65,59.84,59.97,13101700,0,1,47.5647382,47.82495643,47.18623896,47.28874917,13101700
ProcterGamble,2010-08-31,59.31,59.75,59.25,59.67,12590100,0,1,46.76831271,47.11527035,46.72100031,47.05218714,12590100
ProcterGamble,2010-07-31,61.16,61.53,60.82,61.16,11931700,0,1,48.22711188,48.51887171,47.95900825,48.22711188,11931700
ProcterGamble,2010-06-30,60.13,60.54,59.71,59.98,17273600,0,1,47.04401384,47.36478626,46.7154177,46.92665807,17273600
ProcterGamble,2010-05-31,60.95,61.68,60.85,61.09,13952100,0,1,47.68555868,48.25669006,47.6073215,47.79509072,13952100
ProcterGamble,2010-04-30,62.53,63,62.11,62.16,15768900,0,1,48.92170606,49.28942078,48.59310992,48.63222851,15768900
ProcterGamble,2010-03-31,63.53,63.67,63.18,63.27,8193800,0,1,49.3278524,49.43655537,49.05609499,49.12597547,8193800
ProcterGamble,2010-02-28,63.75,63.88,63.14,63.28,10640900,0,1,49.49867135,49.59960981,49.025037,49.13373997,10640900
ProcterGamble,2010-01-31,61.91,62.24,61.47,61.55,17067100,0,1,48.07000381,48.32623223,47.72836592,47.7904819,17067100
ProcterGamble,2009-12-31,61.52,61.53,60.56,60.63,5942200,0,1,47.42201576,47.42972415,46.68201031,46.73596904,5942200
ProcterGamble,2009-11-30,62.37,63,62.12,62.35,12382400,0,1,48.07722891,48.56285749,47.88451916,48.06181213,12382400
ProcterGamble,2009-10-31,59.18,59.54,57.86,58,21382000,0,1,45.61825248,45.89575452,44.60074499,44.70866245,21382000
ProcterGamble,2009-09-30,57.84,58.14,57.34,57.92,14047300,0,1,44.24668598,44.47618124,43.86419388,44.30788471,14047300
ProcterGamble,2009-08-31,53,54.12,52.81,54.11,15366900,0,1,40.54416246,41.40094476,40.39881547,41.39329492,15366900
ProcterGamble,2009-07-31,56.2,56.75,55.43,55.51,12663900,0,1,42.99211189,43.4128532,42.40307406,42.4642728,12663900
ProcterGamble,2009-06-30,52.23,52.23,50.75,51.1,14393700,0,1,39.63727515,39.63727515,38.51410519,38.7797197,14393700
ProcterGamble,2009-05-31,52.62,52.68,51.5,51.94,15133700,0,1,39.93324561,39.97877953,39.08327915,39.41719455,15133700
ProcterGamble,2009-04-30,50.23,50.23,48.25,49.44,24582200,0,1,38.1194779,38.1194779,36.61685862,37.51994799,24582200
ProcterGamble,2009-03-31,47.56,47.83,46.95,47.09,13847500,0,1,35.77585214,35.97895307,35.31699449,35.42230609,13847500
ProcterGamble,2009-02-28,48.66,49.11,47.76,48.17,20748000,0,1,36.60330036,36.94180191,35.92629727,36.23470979,20748000
ProcterGamble,2009-01-31,56.5,56.84,54.24,54.5,35110700,0,1,42.5007495,42.75650622,40.80071952,40.99629819,35110700
ProcterGamble,2008-12-31,61.35,62.2,61.07,61.82,10844800,0,1,45.83060995,46.46558987,45.62144009,46.18171649,10844800
ProcterGamble,2008-11-30,63.04,64.55,63.04,64.35,7768400,0,1,47.09309945,48.22112261,47.09309945,48.07171557,7768400
ProcterGamble,2008-10-31,62.96,64.93,62.76,64.54,42624100,0,1,47.03333663,48.50499599,46.88392959,48.21365226,42624100
ProcterGamble,2008-09-30,67.19,69.92,67.05,69.69,23102600,0,1,49.85392236,51.87953939,49.75004456,51.70888301,23102600
ProcterGamble,2008-08-31,70.71,71.08,69.74,69.77,9569400,0,1,52.46570695,52.74024113,51.74598222,51.76824175,9569400
ProcterGamble,2008-07-31,66.02,66.44,65.25,65.48,14043700,0,1,48.98580078,49.29743417,48.4144729,48.58512928,14043700
ProcterGamble,2008-06-30,60.69,61.36,60.44,60.81,14977700,0,1,44.75085031,45.24488672,44.56650837,44.83933445,14977700
ProcterGamble,2008-05-31,65.53,66.13,65.32,66.05,9761700,0,1,48.31971035,48.76213101,48.16486312,48.70314159,9761700
ProcterGamble,2008-04-30,67.85,68.49,66.87,67.05,21859500,0,1,50.03040359,50.50231896,49.30778317,49.44050937,21859500
ProcterGamble,2008-03-31,69.56,70.18,68.9,70.07,13745600,0,1,50.99682106,51.45136432,50.51295243,51.37071955,13745600
ProcterGamble,2008-02-29,66.84,66.96,66.04,66.18,14640200,0,1,49.0026958,49.09067191,48.41618837,48.51882717,14640200
ProcterGamble,2008-01-31,64.03,65.95,63.78,65.42,19878500,0,1,46.94258845,48.35020628,46.75930488,47.96164511,19878500
ProcterGamble,2007-12-31,74.25,74.26,73.23,73.42,7996700,0,1,54.15985843,54.16715268,53.41584421,53.55443509,7996700
ProcterGamble,2007-11-30,74.32,74.6,73.35,74,13784500,0,1,54.21091823,54.41515742,53.50337529,53.977502,13784500
ProcterGamble,2007-10-31,69.35,69.89,69.04,69.52,14144500,0,1,50.58567248,50.97956236,50.35955052,50.70967485,14144500
ProcterGamble,2007-09-30,69.95,70.49,69.91,70.34,9747600,0,1,50.77159172,51.16353825,50.74255865,51.05466421,9747600
ProcterGamble,2007-08-31,65.13,65.61,64.88,65.31,8392900,0,1,47.27310606,47.62150297,47.09164934,47.4037549,8392900
ProcterGamble,2007-07-31,63.06,63.19,61.74,61.86,15470800,0,1,45.77064438,45.86500187,44.81255287,44.89965209,15470800
ProcterGamble,2007-06-30,61.45,61.7,60.76,61.19,11984900,0,1,44.35403761,44.53448528,43.85600204,44.16637203,11984900
ProcterGamble,2007-05-31,63.75,63.92,63.32,63.55,8615300,0,1,46.01415619,46.1368606,45.70378619,45.86979805,8615300
ProcterGamble,2007-04-30,63.36,64.75,63.35,64.4,19243300,0,1,45.73265782,46.73594687,45.72543991,46.48332013,19243300
ProcterGamble,2007-03-31,63.11,63.4,62,63.16,8527800,0,1,45.30262853,45.51080097,44.5058306,45.33852033,8527800
ProcterGamble,2007-02-28,62.5,63.77,62.25,63.49,17275300,0,1,44.86474859,45.77640028,44.68528959,45.57540621,17275300
ProcterGamble,2007-01-31,64.5,65.16,64.1,64.87,8933600,0,1,46.30042054,46.77419229,46.01328615,46.56601985,8933600